Oz ,VH,WS,H,T,IBT,Dpg,IBH,Vi,doy
330.0,330.0,330.0,330.0,330.0,330.0,330.0,330.0,330.0,330.0
11.775757575757575,5750.484848484848,2.1736363636363647,58.13030303030303,16.5321212121212,784.2103030303015,17.36969696969697,71.75575757575758,200.41939393939404,181.72727272727272
8.011277397129437,105.70824136523211,1.0293277476331446,19.86500007227333,8.032615791846833,549.8264336384407,35.71718090871602,42.60044001587208,127.71641643495659,106.06059308675034
1.0,5320.0,0.0,19.0,-3.9,33.8,-69.0,-31.7,0.0,3.0
5.0,5690.0,1.3,47.0,10.6,267.45,-9.0,41.7,112.7,90.25
10.0,5760.0,2.2,64.0,16.7,643.9,24.0,75.3,193.1,177.5
17.0,5830.0,2.7,73.0,22.2,1524.0,44.75,101.1,241.4,275.75
38.0,5950.0,9.4,93.0,33.9,1524.0,107.0,166.7,563.3,365.0
